workstation_id,department,user_fullname,ram_gb,cpu_cores,disk_gb,installed_software
WS-ALR-001,Служба главного механика,Иванов Н.М.,4,2,20,Telegram Desktop; Р-7 Офис; КриптоПро CSP
WS-ALR-002,Бухгалтерия и финансовый контроль,Семенов Б.П.,8,6,1024,7-Zip; 1С:Предприятие 8.3; Chromium-Gost; КриптоПро CSP
WS-ALR-003,Айхальский ГОК,Никитин К.Н.,32,16,512,7-Zip; SolidWorks; SAP GUI
WS-ALR-004,Служба промышленной безопасности и ОТ,Андреев Н.А.,16,6,512,1С:Предприятие 8.3; КриптоПро CSP; Adobe Illustrator; AutoCAD
WS-ALR-005,Бухгалтерия и финансовый контроль,Петров Р.Н.,4,2,20,Telegram Desktop; КриптоПро CSP; 7-Zip
WS-ALR-006,Служба главного механика,Павлов Г.В.,32,4,1024,Chromium-Gost; Р-7 Офис
WS-ALR-007,Центр сортировки алмазов,Козлов П.А.,64,16,512,Контур.Плагин; Telegram Desktop; Р-7 Офис; SolidWorks; AutoCAD
WS-ALR-008,Служба промышленной безопасности и ОТ,Волков О.П.,2,1,20,КриптоПро CSP; Яндекс Браузер; Контур.Плагин
WS-ALR-009,Бухгалтерия и финансовый контроль,Кузнецов П.С.,2,1,20,Chromium-Gost; КриптоПро CSP; Контур.Плагин
WS-ALR-010,Удачнинский ГОК,Николаев М.Д.,64,16,1024,Р-7 Офис; Adobe Photoshop; Adobe Illustrator
WS-ALR-011,Геологоразведочная экспедиция,Николаев Е.Н.,16,16,512,Р-7 Офис; Chromium-Gost; 7-Zip; Adobe Photoshop
WS-ALR-012,Служба главного механика,Иванов М.И.,16,4,512,Р-7 Офис; LibreOffice Calc; 1С:Предприятие 8.3
WS-ALR-013,Геологоразведочная экспедиция,Попов Б.С.,32,8,512,МойОфис Таблица; Яндекс Браузер; 1С:Предприятие 8.3; КриптоПро CSP
WS-ALR-014,Центр сортировки алмазов,Николаев Л.Ю.,16,8,1024,КриптоПро CSP; Яндекс Браузер; Chromium-Gost
WS-ALR-015,Айхальский ГОК,Егоров С.Г.,32,12,1024,Telegram Desktop; Яндекс Браузер; 1С:Предприятие 8.3
WS-ALR-016,Айхальский ГОК,Семенов О.Ю.,8,8,256,Р-7 Офис; МойОфис Таблица; КриптоПро CSP
WS-ALR-017,Служба главного механика,Макаров М.А.,8,4,512,7-Zip; Telegram Desktop
WS-ALR-018,Центр сортировки алмазов,Иванов Н.А.,64,8,512,Р-7 Офис; КриптоПро CSP; Яндекс Браузер; AutoCAD
WS-ALR-019,Бухгалтерия и финансовый контроль,Новиков О.С.,16,8,512,Яндекс Браузер; Контур.Плагин
WS-ALR-020,Управление материально-технического снабжения,Иванов Н.С.,8,4,1024,Telegram Desktop; Chromium-Gost; МойОфис Таблица
WS-ALR-021,Управление информационных технологий,Павлов А.Н.,4,1,25,LibreOffice Calc
WS-ALR-022,Бухгалтерия и финансовый контроль,Егоров П.Ю.,32,6,512,Telegram Desktop; LibreOffice Calc; 7-Zip
WS-ALR-023,Удачнинский ГОК,Петров Л.П.,3,1,15,МойОфис Таблица
WS-ALR-024,Управление материально-технического снабжения,Павлов Б.И.,16,6,1024,Яндекс Браузер; LibreOffice Calc; 7-Zip; AutoCAD
WS-ALR-025,Айхальский ГОК,Семенов Т.В.,64,8,1024,Р-7 Офис; 7-Zip; Яндекс Браузер; SolidWorks
WS-ALR-026,Управление материально-технического снабжения,Петров Е.А.,16,12,256,7-Zip; Яндекс Браузер; Р-7 Офис
WS-ALR-027,Айхальский ГОК,Соколов В.Д.,3,1,20,Контур.Плагин; LibreOffice Calc
WS-ALR-028,Служба промышленной безопасности и ОТ,Морозов К.Ю.,32,6,1024,Telegram Desktop; Chromium-Gost; AutoCAD; AutoCAD
WS-ALR-029,Управление материально-технического снабжения,Волков В.С.,32,8,512,Яндекс Браузер; Chromium-Gost; Adobe Photoshop
WS-ALR-030,Удачнинский ГОК,Михайлов Е.Н.,32,4,256,LibreOffice Calc; 7-Zip; КриптоПро CSP
WS-ALR-031,Удачнинский ГОК,Михайлов Р.Ю.,32,16,1024,Chromium-Gost; КриптоПро CSP; Р-7 Офис; SAP GUI
WS-ALR-032,Удачнинский ГОК,Никитин П.П.,16,6,512,1С:Предприятие 8.3; Telegram Desktop; МойОфис Таблица; LibreOffice Calc
WS-ALR-033,Управление информационных технологий,Морозов А.Ю.,2,2,15,МойОфис Таблица
WS-ALR-034,Служба главного механика,Петров А.П.,64,8,512,Р-7 Офис; МойОфис Таблица; Яндекс Браузер; SolidWorks
WS-ALR-035,Управление информационных технологий,Иванов Г.П.,16,6,1024,Telegram Desktop; КриптоПро CSP; LibreOffice Calc; Р-7 Офис
WS-ALR-036,Айхальский ГОК,Семенов Т.М.,3,1,15,7-Zip; Р-7 Офис
WS-ALR-037,Геологоразведочная экспедиция,Васильев Е.С.,4,2,25,Telegram Desktop
WS-ALR-038,Айхальский ГОК,Егоров Г.Ю.,16,12,512,7-Zip; Chromium-Gost; Яндекс Браузер
WS-ALR-039,Мирнинский ГОК,Орлов Н.Ю.,16,6,512,Р-7 Офис; Telegram Desktop; Яндекс Браузер; МойОфис Таблица
WS-ALR-040,Управление материально-технического снабжения,Федоров И.Ю.,16,8,512,Контур.Плагин; Яндекс Браузер; Telegram Desktop; Adobe Photoshop; SAP GUI
WS-ALR-041,Служба главного механика,Волков О.Г.,8,12,256,Telegram Desktop; КриптоПро CSP; LibreOffice Calc
WS-ALR-042,Удачнинский ГОК,Орлов С.Н.,2,1,20,Р-7 Офис; 7-Zip
WS-ALR-043,Служба главного механика,Степанов С.П.,4,2,15,Контур.Плагин; LibreOffice Calc
WS-ALR-044,Айхальский ГОК,Федоров И.Ю.,16,16,512,7-Zip; LibreOffice Calc; Р-7 Офис; SAP GUI
WS-ALR-045,Бухгалтерия и финансовый контроль,Егоров И.Д.,16,4,256,Контур.Плагин; МойОфис Таблица; Р-7 Офис
WS-ALR-046,Центр сортировки алмазов,Павлов В.М.,32,12,1024,7-Zip; Telegram Desktop; Chromium-Gost
WS-ALR-047,Мирнинский ГОК,Макаров Р.В.,8,8,256,LibreOffice Calc; Контур.Плагин; МойОфис Таблица
WS-ALR-048,Бухгалтерия и финансовый контроль,Николаев С.Ю.,32,6,512,Telegram Desktop; КриптоПро CSP; МойОфис Таблица
WS-ALR-049,Айхальский ГОК,Васильев В.Д.,3,1,15,7-Zip; 1С:Предприятие 8.3
WS-ALR-050,Управление информационных технологий,Павлов А.П.,64,6,1024,LibreOffice Calc; Adobe Illustrator
WS-ALR-051,Геологоразведочная экспедиция,Волков В.П.,2,2,20,Яндекс Браузер; МойОфис Таблица; Chromium-Gost
WS-ALR-052,Геологоразведочная экспедиция,Степанов В.П.,16,6,512,Контур.Плагин; Яндекс Браузер
WS-ALR-053,Удачнинский ГОК,Волков Л.М.,32,16,512,Яндекс Браузер; Контур.Плагин; AutoCAD; AutoCAD
WS-ALR-054,Управление информационных технологий,Соколов И.П.,32,6,1024,Chromium-Gost; Telegram Desktop; Контур.Плагин
WS-ALR-055,Мирнинский ГОК,Никитин К.И.,16,6,512,Chromium-Gost; МойОфис Таблица
WS-ALR-056,Управление информационных технологий,Волков Т.Г.,8,4,256,МойОфис Таблица; КриптоПро CSP; Telegram Desktop; Р-7 Офис
WS-ALR-057,Бухгалтерия и финансовый контроль,Степанов Т.В.,2,1,25,7-Zip
WS-ALR-058,Служба промышленной безопасности и ОТ,Козлов А.Н.,4,1,15,КриптоПро CSP; 7-Zip
WS-ALR-059,Геологоразведочная экспедиция,Егоров И.Н.,3,1,25,Яндекс Браузер; МойОфис Таблица
WS-ALR-060,Служба главного механика,Новиков Б.А.,2,1,15,Telegram Desktop; Контур.Плагин; Яндекс Браузер
WS-ALR-061,Служба главного механика,Иванов Р.А.,16,8,512,7-Zip; Р-7 Офис; 1С:Предприятие 8.3
WS-ALR-062,Управление материально-технического снабжения,Андреев А.Г.,16,6,512,КриптоПро CSP; LibreOffice Calc; Яндекс Браузер; SolidWorks; AutoCAD
WS-ALR-063,Удачнинский ГОК,Морозов И.Г.,16,4,256,Р-7 Офис; КриптоПро CSP; Яндекс Браузер
WS-ALR-064,Удачнинский ГОК,Васильев О.В.,2,2,20,Р-7 Офис
WS-ALR-065,Мирнинский ГОК,Никитин А.Д.,2,1,25,LibreOffice Calc; Яндекс Браузер; Telegram Desktop
WS-ALR-066,Управление материально-технического снабжения,Петров А.М.,16,6,256,1С:Предприятие 8.3; КриптоПро CSP; Chromium-Gost; Контур.Плагин
WS-ALR-067,Мирнинский ГОК,Васильев А.В.,32,8,1024,Telegram Desktop; SAP GUI; SolidWorks
WS-ALR-068,Айхальский ГОК,Морозов Н.Г.,16,6,512,LibreOffice Calc; Р-7 Офис; 1С:Предприятие 8.3; Adobe Photoshop
WS-ALR-069,Центр сортировки алмазов,Егоров Б.М.,8,4,1024,КриптоПро CSP; Яндекс Браузер; Р-7 Офис
WS-ALR-070,Удачнинский ГОК,Андреев Д.Ю.,16,8,512,1С:Предприятие 8.3; Telegram Desktop; SolidWorks
WS-ALR-071,Мирнинский ГОК,Степанов В.Ю.,4,2,20,Контур.Плагин; Яндекс Браузер; Telegram Desktop
WS-ALR-072,Удачнинский ГОК,Попов Е.В.,16,6,1024,Яндекс Браузер; 1С:Предприятие 8.3; AutoCAD
WS-ALR-073,Геологоразведочная экспедиция,Павлов П.П.,16,6,512,Яндекс Браузер; 7-Zip
WS-ALR-074,Удачнинский ГОК,Смирнов Н.И.,2,2,25,КриптоПро CSP; 1С:Предприятие 8.3
WS-ALR-075,Служба промышленной безопасности и ОТ,Васильев К.Н.,3,1,15,Яндекс Браузер; Telegram Desktop; 7-Zip
WS-ALR-076,Служба главного механика,Козлов И.Ю.,16,16,1024,Контур.Плагин; Adobe Illustrator
WS-ALR-077,Геологоразведочная экспедиция,Павлов А.П.,16,8,512,Р-7 Офис; LibreOffice Calc; 1С:Предприятие 8.3; Контур.Плагин
WS-ALR-078,Удачнинский ГОК,Макаров Т.Н.,16,6,512,1С:Предприятие 8.3; Яндекс Браузер; SolidWorks
WS-ALR-079,Айхальский ГОК,Лебедев С.П.,8,6,256,Telegram Desktop; Контур.Плагин
WS-ALR-080,Геологоразведочная экспедиция,Никитин П.В.,16,8,256,МойОфис Таблица; Контур.Плагин; 1С:Предприятие 8.3; 7-Zip
WS-ALR-081,Удачнинский ГОК,Павлов Л.Г.,32,6,1024,7-Zip; Telegram Desktop; КриптоПро CSP; Adobe Illustrator
WS-ALR-082,Центр сортировки алмазов,Лебедев Е.М.,16,8,1024,1С:Предприятие 8.3; Контур.Плагин; SAP GUI; AutoCAD
WS-ALR-083,Геологоразведочная экспедиция,Смирнов М.С.,8,6,256,1С:Предприятие 8.3; Яндекс Браузер; Контур.Плагин; 7-Zip
WS-ALR-084,Служба промышленной безопасности и ОТ,Петров М.И.,8,8,1024,КриптоПро CSP; Р-7 Офис; 1С:Предприятие 8.3
WS-ALR-085,Удачнинский ГОК,Семенов О.С.,32,16,512,Telegram Desktop; Chromium-Gost; SAP GUI
WS-ALR-086,Центр сортировки алмазов,Николаев С.В.,8,8,1024,Telegram Desktop; КриптоПро CSP
WS-ALR-087,Удачнинский ГОК,Попов С.Г.,8,8,512,Chromium-Gost; Контур.Плагин; Яндекс Браузер
WS-ALR-088,Удачнинский ГОК,Орлов Н.Г.,64,16,512,7-Zip; LibreOffice Calc; Яндекс Браузер; Adobe Photoshop; Adobe Photoshop
WS-ALR-089,Мирнинский ГОК,Семенов Р.П.,2,2,20,Telegram Desktop; 1С:Предприятие 8.3
WS-ALR-090,Служба промышленной безопасности и ОТ,Попов Т.С.,64,6,1024,1С:Предприятие 8.3; AutoCAD
WS-ALR-091,Центр сортировки алмазов,Козлов И.Н.,32,6,1024,Яндекс Браузер; LibreOffice Calc; МойОфис Таблица; SolidWorks
WS-ALR-092,Служба промышленной безопасности и ОТ,Андреев Т.М.,64,6,512,Контур.Плагин; МойОфис Таблица; 7-Zip; Adobe Photoshop
WS-ALR-093,Служба главного механика,Андреев К.А.,32,6,512,Telegram Desktop; Контур.Плагин; 1С:Предприятие 8.3
WS-ALR-094,Бухгалтерия и финансовый контроль,Алексеев А.В.,8,8,256,КриптоПро CSP; LibreOffice Calc; Telegram Desktop
WS-ALR-095,Айхальский ГОК,Васильев Р.П.,32,12,512,Яндекс Браузер; Chromium-Gost; Р-7 Офис; LibreOffice Calc
WS-ALR-096,Центр сортировки алмазов,Павлов Н.Г.,2,2,20,МойОфис Таблица
WS-ALR-097,Айхальский ГОК,Андреев А.Н.,64,8,512,LibreOffice Calc; SolidWorks
WS-ALR-098,Центр сортировки алмазов,Морозов Р.Ю.,32,8,512,LibreOffice Calc; 1С:Предприятие 8.3
WS-ALR-099,Айхальский ГОК,Егоров Р.И.,3,1,25,Telegram Desktop; Контур.Плагин
WS-ALR-100,Геологоразведочная экспедиция,Морозов Б.М.,2,1,25,LibreOffice Calc; Яндекс Браузер; Chromium-Gost
